"","Source_ID","SSB","LUH1","n","HasBaseline","Crop_name","allMagpie1","allMagpie2","Notes","Checked_by"
"1","AD1_2009__Knight","AD1_2009__Knight 1 ","Cropland",5,"No","","","","",""
"2","AD1_2010__Redpath","AD1_2010__Redpath 1 1","Cropland",1,"No","","","","",""
"3","AD1_2012__Yamaura","AD1_2012__Yamaura 1 ","Plantation forest",2,"Yes","","","","",""
"4","AD1_2012__Yamaura","AD1_2012__Yamaura 2 ","Plantation forest",2,"Yes","","","","",""
"5","AD1_2012__Yamaura","AD1_2012__Yamaura 3 ","Plantation forest",2,"Yes","","","","",""
"6","DG1_2008b_Yan","DG1_2008b_Yan 1 ","Plantation forest",4,"No","","","","",""
"7","DG1_2008__Yan","DG1_2008__Yan 1 ","Plantation forest",4,"No","","","","",""
"8","DG1_2012__Ge","DG1_2012__Ge 1 ","Cropland",1,"No","","","","",""
"9","DG1_2013__Zou","DG1_2013__Zou 1 ","Plantation forest",1,"No","","","","",""
"10","DI1_2004__Naidoo","DI1_2004__Naidoo 1 ","Cropland",31,"Yes","","","","",""
"11","DI1_2006__Scott","DI1_2006__Scott 1 ","Cropland",1,"Yes","","","","",""
"12","DI1_2006__Scott","DI1_2006__Scott 2 ","Cropland",1,"Yes","","","","",""
"13","DI1_2011__Dawson","DI1_2011__Dawson 1 ","Cropland",3,"Yes","","","","",""
"14","DI1_2011__Neuschulz","DI1_2011__Neuschulz 1 OG","Cropland",5,"Yes","","","","",""
"15","DI1_2011__Neuschulz","DI1_2011__Neuschulz 1 VC","Cropland",1,"Yes","","","","",""
"16","DI1_2012__GhelerCosta","DI1_2012__GhelerCosta 1 ","Plantation forest",4,"No","","","","",""
"17","DI1_2012__Reid","DI1_2012__Reid 1 ","Plantation forest",8,"Yes","","","","",""
"18","DI1_2012__Roes","DI1_2012__Roes 1 ","Plantation forest",7,"Yes","","","","",""
"19","DL1_2005__Ferreira","DL1_2005__Ferreira 1 C1","Plantation forest",3,"No","","","","",""
"20","DL1_2009__Woinarski","DL1_2009__Woinarski 1 9","Cropland",1,"No","","","","",""
"21","DL1_2009__Woinarski","DL1_2009__Woinarski 2 9","Cropland",1,"No","","","","",""
"22","DL1_2011__Mallari","DL1_2011__Mallari 1 1","Cropland",1,"No","","","","",""
"23","DL1_2011__Mallari","DL1_2011__Mallari 1 12","Cropland",1,"No","","","","",""
"24","DL1_2011__Mallari","DL1_2011__Mallari 1 16","Cropland",1,"No","","","","",""
"25","DL1_2011__Mallari","DL1_2011__Mallari 1 17","Cropland",1,"No","","","","",""
"26","DL1_2011__Mallari","DL1_2011__Mallari 1 19","Cropland",1,"No","","","","",""
"27","DL1_2011__Mallari","DL1_2011__Mallari 1 20","Cropland",1,"No","","","","",""
"28","DL1_2011__Mallari","DL1_2011__Mallari 1 21","Cropland",1,"No","","","","",""
"29","DL1_2011__Mallari","DL1_2011__Mallari 1 23","Cropland",1,"No","","","","",""
"30","DL1_2011__Mallari","DL1_2011__Mallari 1 28","Cropland",1,"No","","","","",""
"31","DL1_2011__Mallari","DL1_2011__Mallari 1 29","Cropland",1,"No","","","","",""
"32","DL1_2012__Dallimer","DL1_2012__Dallimer 1 ","Plantation forest",4,"Yes","","","","",""
"33","DL1_2012__Siebert","DL1_2012__Siebert 1 12","Cropland",4,"Yes","","","","",""
"34","DL1_2013__Alcayaga","DL1_2013__Alcayaga 1 1","Cropland",1,"No","","","","",""
"35","DL1_2013__Alcayaga","DL1_2013__Alcayaga 1 2","Cropland",1,"No","","","","",""
"36","DL1_2013__Alcayaga","DL1_2013__Alcayaga 1 3","Cropland",1,"No","","","","",""
"37","DL1_2013__Alcayaga","DL1_2013__Alcayaga 1 4","Cropland",1,"No","","","","",""
"38","GN1_2010__Hvenegaard","GN1_2010__Hvenegaard 1 11","Cropland",2,"Yes","","","","",""
"39","GN1_2010__Hvenegaard","GN1_2010__Hvenegaard 1 12","Cropland",4,"Yes","","","","",""
"40","GN1_2010__Hvenegaard","GN1_2010__Hvenegaard 1 13","Cropland",2,"Yes","","","","",""
"41","GN1_2010__Hvenegaard","GN1_2010__Hvenegaard 1 14","Cropland",3,"Yes","","","","",""
"42","GN1_2010__Hvenegaard","GN1_2010__Hvenegaard 1 16","Cropland",2,"Yes","","","","",""
"43","GN1_2010__Hvenegaard","GN1_2010__Hvenegaard 1 17","Cropland",4,"Yes","","","","",""
"44","GN1_2010__Hvenegaard","GN1_2010__Hvenegaard 1 18","Cropland",1,"Yes","","","","",""
"45","GN1_2010__Hvenegaard","GN1_2010__Hvenegaard 1 20","Cropland",2,"Yes","","","","",""
"46","GN1_2010__Hvenegaard","GN1_2010__Hvenegaard 1 21","Cropland",1,"Yes","","","","",""
"47","GN1_2010__Hvenegaard","GN1_2010__Hvenegaard 1 22","Cropland",3,"Yes","","","","",""
"48","GN1_2010__Hvenegaard","GN1_2010__Hvenegaard 1 3","Cropland",1,"Yes","","","","",""
"49","GN1_2010__Hvenegaard","GN1_2010__Hvenegaard 1 4","Cropland",1,"Yes","","","","",""
"50","GN1_2010__Hvenegaard","GN1_2010__Hvenegaard 1 5","Cropland",2,"Yes","","","","",""
"51","GN1_2010__Hvenegaard","GN1_2010__Hvenegaard 1 6","Cropland",2,"Yes","","","","",""
"52","GN1_2010__Hvenegaard","GN1_2010__Hvenegaard 1 7","Cropland",1,"Yes","","","","",""
"53","GN1_2010__Hvenegaard","GN1_2010__Hvenegaard 1 8","Cropland",4,"Yes","","","","",""
"54","GN1_2010__Hvenegaard","GN1_2010__Hvenegaard 1 9","Cropland",2,"Yes","","","","",""
"55","GN1_2010__Hvenegaard","GN1_2010__Hvenegaard 2 11","Cropland",2,"Yes","","","","",""
"56","GN1_2010__Hvenegaard","GN1_2010__Hvenegaard 2 12","Cropland",4,"Yes","","","","",""
"57","GN1_2010__Hvenegaard","GN1_2010__Hvenegaard 2 13","Cropland",2,"Yes","","","","",""
"58","GN1_2010__Hvenegaard","GN1_2010__Hvenegaard 2 14","Cropland",3,"Yes","","","","",""
"59","GN1_2010__Hvenegaard","GN1_2010__Hvenegaard 2 16","Cropland",2,"Yes","","","","",""
"60","GN1_2010__Hvenegaard","GN1_2010__Hvenegaard 2 17","Cropland",4,"Yes","","","","",""
"61","GN1_2010__Hvenegaard","GN1_2010__Hvenegaard 2 18","Cropland",1,"Yes","","","","",""
"62","GN1_2010__Hvenegaard","GN1_2010__Hvenegaard 2 20","Cropland",2,"Yes","","","","",""
"63","GN1_2010__Hvenegaard","GN1_2010__Hvenegaard 2 21","Cropland",1,"Yes","","","","",""
"64","GN1_2010__Hvenegaard","GN1_2010__Hvenegaard 2 22","Cropland",3,"Yes","","","","",""
"65","GN1_2010__Hvenegaard","GN1_2010__Hvenegaard 2 3","Cropland",1,"Yes","","","","",""
"66","GN1_2010__Hvenegaard","GN1_2010__Hvenegaard 2 4","Cropland",1,"Yes","","","","",""
"67","GN1_2010__Hvenegaard","GN1_2010__Hvenegaard 2 5","Cropland",2,"Yes","","","","",""
"68","GN1_2010__Hvenegaard","GN1_2010__Hvenegaard 2 6","Cropland",2,"Yes","","","","",""
"69","GN1_2010__Hvenegaard","GN1_2010__Hvenegaard 2 7","Cropland",1,"Yes","","","","",""
"70","GN1_2010__Hvenegaard","GN1_2010__Hvenegaard 2 8","Cropland",4,"Yes","","","","",""
"71","GN1_2010__Hvenegaard","GN1_2010__Hvenegaard 2 9","Cropland",2,"Yes","","","","",""
"72","GN1_2018__AlvarezAlvarez","GN1_2018__AlvarezAlvarez 1 ","Cropland",10,"Yes","","","","",""
"73","GN1_2018__Karp","GN1_2018__Karp 1 13","Cropland",1,"Yes","","","","",""
"74","GN1_2020__Cabral","GN1_2020__Cabral 1 1","Cropland",1,"No","","","","",""
"75","GN1_2020__Cabral","GN1_2020__Cabral 1 2","Cropland",1,"No","","","","",""
"76","GP1_2011__Schumann","GP1_2011__Schumann 1 ","Cropland",53,"Yes","","","","",""
"77","GP1_2011__Schumann","GP1_2011__Schumann 2 ","Cropland",47,"Yes","","","","",""
"78","HB1_2009__Vu","HB1_2009__Vu 1 ","Cropland",1,"Yes","","","","",""
"79","HP1_2007__Ranganathan","HP1_2007__Ranganathan 1 0","Cropland",1,"No","","","","",""
"80","HP1_2007__Ranganathan","HP1_2007__Ranganathan 1 1","Cropland",1,"No","","","","",""
"81","HP1_2007__Ranganathan","HP1_2007__Ranganathan 1 16","Cropland",1,"No","","","","",""
"82","HP1_2007__Ranganathan","HP1_2007__Ranganathan 1 18","Cropland",1,"No","","","","",""
"83","HP1_2007__Ranganathan","HP1_2007__Ranganathan 1 19","Cropland",1,"No","","","","",""
"84","HP1_2007__Ranganathan","HP1_2007__Ranganathan 1 21","Cropland",1,"No","","","","",""
"85","HP1_2007__Ranganathan","HP1_2007__Ranganathan 1 24","Cropland",1,"No","","","","",""
"86","HP1_2007__Ranganathan","HP1_2007__Ranganathan 1 4","Cropland",1,"No","","","","",""
"87","HP1_2007__Ranganathan","HP1_2007__Ranganathan 1 7","Cropland",1,"No","","","","",""
"88","HP1_2007__Ranganathan","HP1_2007__Ranganathan 1 8","Cropland",1,"No","","","","",""
"89","HP1_2007__Ranganathan","HP1_2007__Ranganathan 1 9","Cropland",1,"No","","","","",""
"90","HP1_2007__Willig","HP1_2007__Willig 1 1","Plantation forest",1,"Yes","","","","",""
"91","HP1_2007__Willig","HP1_2007__Willig 1 2","Plantation forest",1,"Yes","","","","",""
"92","HP1_2007__Willig","HP1_2007__Willig 1 3","Plantation forest",1,"Yes","","","","",""
"93","HP1_2007__Willig","HP1_2007__Willig 1 4","Plantation forest",1,"Yes","","","","",""
"94","HP1_2007__Willig","HP1_2007__Willig 1 5","Plantation forest",1,"Yes","","","","",""
"95","HP1_2008__Farwig","HP1_2008__Farwig 1 ","Plantation forest",9,"Yes","","","","",""
"96","HP1_2009__Hylander","HP1_2009__Hylander 1 ","Plantation forest",13,"Yes","","","","",""
"97","HP1_2009__Hylander","HP1_2009__Hylander 2 ","Plantation forest",13,"Yes","","","","",""
"98","HP1_2009__Hylander","HP1_2009__Hylander 3 ","Plantation forest",13,"Yes","","","","",""
"99","HP1_2009__Hylander","HP1_2009__Hylander 4 ","Plantation forest",12,"Yes","","","","",""
"100","HP1_2011__Peters","HP1_2011__Peters 1 Ngavira","Cropland",2,"Yes","","","","",""
"101","HP1_2011__Peters","HP1_2011__Peters 1 Shamoni","Cropland",2,"Yes","","","","",""
"102","HW1_2004__Maeto","HW1_2004__Maeto 1 ","Plantation forest",3,"Yes","","","","",""
"103","HW1_2007__Chapman","HW1_2007__Chapman 1 1","Plantation forest",4,"Yes","","","","",""
"104","HW1_2007__Chapman","HW1_2007__Chapman 1 6","Plantation forest",1,"Yes","","","","",""
"105","HW1_2007__Chapman","HW1_2007__Chapman 1 8","Plantation forest",1,"Yes","","","","",""
"106","HW1_2008__Lantschner","HW1_2008__Lantschner 1 1","Plantation forest",17,"Yes","","","","",""
"107","HW1_2008__Lantschner","HW1_2008__Lantschner 1 2","Plantation forest",16,"Yes","","","","",""
"108","HW1_2012__Lantschner","HW1_2012__Lantschner 1 P1","Plantation forest",2,"Yes","","","","",""
"109","HW1_2012__Lantschner","HW1_2012__Lantschner 1 P10","Plantation forest",2,"Yes","","","","",""
"110","HW1_2012__Lantschner","HW1_2012__Lantschner 1 P11","Plantation forest",2,"Yes","","","","",""
"111","HW1_2012__Lantschner","HW1_2012__Lantschner 1 P12","Plantation forest",2,"Yes","","","","",""
"112","HW1_2012__Lantschner","HW1_2012__Lantschner 1 P13","Plantation forest",2,"Yes","","","","",""
"113","HW1_2012__Lantschner","HW1_2012__Lantschner 1 P14","Plantation forest",2,"Yes","","","","",""
"114","HW1_2012__Lantschner","HW1_2012__Lantschner 1 P15","Plantation forest",2,"Yes","","","","",""
"115","HW1_2012__Lantschner","HW1_2012__Lantschner 1 P16","Plantation forest",2,"Yes","","","","",""
"116","HW1_2012__Lantschner","HW1_2012__Lantschner 1 P17","Plantation forest",2,"Yes","","","","",""
"117","HW1_2012__Lantschner","HW1_2012__Lantschner 1 P18","Plantation forest",2,"Yes","","","","",""
"118","HW1_2012__Lantschner","HW1_2012__Lantschner 1 P19","Plantation forest",2,"Yes","","","","",""
"119","HW1_2012__Lantschner","HW1_2012__Lantschner 1 P2","Plantation forest",2,"Yes","","","","",""
"120","HW1_2012__Lantschner","HW1_2012__Lantschner 1 P20","Plantation forest",2,"Yes","","","","",""
"121","HW1_2012__Lantschner","HW1_2012__Lantschner 1 P3","Plantation forest",2,"Yes","","","","",""
"122","HW1_2012__Lantschner","HW1_2012__Lantschner 1 P4","Plantation forest",2,"Yes","","","","",""
"123","HW1_2012__Lantschner","HW1_2012__Lantschner 1 P5","Plantation forest",2,"Yes","","","","",""
"124","HW1_2012__Lantschner","HW1_2012__Lantschner 1 P6","Plantation forest",2,"Yes","","","","",""
"125","HW1_2012__Lantschner","HW1_2012__Lantschner 1 P7","Plantation forest",2,"Yes","","","","",""
"126","HW1_2012__Lantschner","HW1_2012__Lantschner 1 P8","Plantation forest",2,"Yes","","","","",""
"127","HW1_2012__Lantschner","HW1_2012__Lantschner 1 P9","Plantation forest",2,"Yes","","","","",""
"128","HW1_2012__Lantschner","HW1_2012__Lantschner 1 PR1","Plantation forest",2,"Yes","","","","",""
"129","HW1_2012__Lantschner","HW1_2012__Lantschner 1 PR2","Plantation forest",2,"Yes","","","","",""
"130","HW1_2012__Lantschner","HW1_2012__Lantschner 1 PR3","Plantation forest",2,"Yes","","","","",""
"131","HW1_2012__Lantschner","HW1_2012__Lantschner 1 PR4","Plantation forest",2,"Yes","","","","",""
"132","HW1_2012__Lantschner","HW1_2012__Lantschner 1 PR5","Plantation forest",2,"Yes","","","","",""
"133","HW1_2012__Lantschner","HW1_2012__Lantschner 1 PR6","Plantation forest",2,"Yes","","","","",""
"134","HW1_2012__Lantschner","HW1_2012__Lantschner 1 PR7","Plantation forest",2,"Yes","","","","",""
"135","HW1_2012__Lantschner","HW1_2012__Lantschner 1 PR8","Plantation forest",2,"Yes","","","","",""
"136","HW1_2012__Lantschner","HW1_2012__Lantschner 1 PR9","Plantation forest",2,"Yes","","","","",""
"137","HZ1_2009__McShea","HZ1_2009__McShea 1 Samaraka","Plantation forest",55,"No","","","","",""
"138","HZ1_2009__McShea","HZ1_2009__McShea 1 Tabau","Plantation forest",28,"No","","","","",""
"139","HZ1_2012__Kittle","HZ1_2012__Kittle 2 ","Plantation forest",2,"Yes","","","","",""
"140","JB3_2013__Gove","JB3_2013__Gove 1 ","Cropland",19,"Yes","","","","",""
"141","JB3_2019__daSilva","JB3_2019__daSilva 2 ","Plantation forest",18,"Yes","","","","",""
"142","JB3_2019__Pringle","JB3_2019__Pringle 1 ","Cropland",8,"Yes","","","","",""
"143","JB3_2020__Martin","JB3_2020__Martin 1 ","Plantation forest",3,"Yes","","","","",""
"144","JD1_2004__Alcala","JD1_2004__Alcala 1 ","Plantation forest",1,"Yes","","","","",""
"145","KS1_2002__Vallan","KS1_2002__Vallan 1 ","Plantation forest",3,"Yes","","","","",""
"146","LC1_2006__Li","LC1_2006__Li 1 ","Plantation forest",9,"No","","","","",""
"147","LC1_2006__Li","LC1_2006__Li 2 ","Plantation forest",4,"No","","","","",""
"148","LC1_2011__Wang","LC1_2011__Wang 1 ","Plantation forest",1,"No","","","","",""
"149","LC1_2011__Wang","LC1_2011__Wang 2 ","Plantation forest",1,"No","","","","",""
"150","LC1_2014__Ge","LC1_2014__Ge 1 ","Cropland",1,"No","","","","",""
"151","LC1_2014__Hang","LC1_2014__Hang 1 ","Plantation forest",1,"Yes","","","","",""
"152","LC1_2014__Hang","LC1_2014__Hang 1 ","Cropland",1,"Yes","","","","",""
"153","LC1_2015__Hou","LC1_2015__Hou 1 Block 1","Cropland",1,"No","","","","",""
"154","LC1_2015__Hou","LC1_2015__Hou 1 Block 10","Cropland",1,"No","","","","",""
"155","LC1_2015__Hou","LC1_2015__Hou 1 Block 11","Cropland",1,"No","","","","",""
"156","LC1_2015__Hou","LC1_2015__Hou 1 Block 12","Cropland",1,"No","","","","",""
"157","LC1_2015__Hou","LC1_2015__Hou 1 Block 13","Cropland",1,"No","","","","",""
"158","LC1_2015__Hou","LC1_2015__Hou 1 Block 14","Cropland",1,"No","","","","",""
"159","LC1_2015__Hou","LC1_2015__Hou 1 Block 15","Cropland",1,"No","","","","",""
"160","LC1_2015__Hou","LC1_2015__Hou 1 Block 16","Cropland",1,"No","","","","",""
"161","LC1_2015__Hou","LC1_2015__Hou 1 Block 17","Cropland",1,"No","","","","",""
"162","LC1_2015__Hou","LC1_2015__Hou 1 Block 18","Cropland",1,"No","","","","",""
"163","LC1_2015__Hou","LC1_2015__Hou 1 Block 19","Cropland",1,"No","","","","",""
"164","LC1_2015__Hou","LC1_2015__Hou 1 Block 2","Cropland",1,"No","","","","",""
"165","LC1_2015__Hou","LC1_2015__Hou 1 Block 20","Cropland",1,"No","","","","",""
"166","LC1_2015__Hou","LC1_2015__Hou 1 Block 21","Cropland",1,"No","","","","",""
"167","LC1_2015__Hou","LC1_2015__Hou 1 Block 22","Cropland",1,"No","","","","",""
"168","LC1_2015__Hou","LC1_2015__Hou 1 Block 23","Cropland",1,"No","","","","",""
"169","LC1_2015__Hou","LC1_2015__Hou 1 Block 24","Cropland",1,"No","","","","",""
"170","LC1_2015__Hou","LC1_2015__Hou 1 Block 25","Cropland",1,"No","","","","",""
"171","LC1_2015__Hou","LC1_2015__Hou 1 Block 26","Cropland",1,"No","","","","",""
"172","LC1_2015__Hou","LC1_2015__Hou 1 Block 27","Cropland",1,"No","","","","",""
"173","LC1_2015__Hou","LC1_2015__Hou 1 Block 28","Cropland",1,"No","","","","",""
"174","LC1_2015__Hou","LC1_2015__Hou 1 Block 29","Cropland",1,"No","","","","",""
"175","LC1_2015__Hou","LC1_2015__Hou 1 Block 3","Cropland",1,"No","","","","",""
"176","LC1_2015__Hou","LC1_2015__Hou 1 Block 30","Cropland",1,"No","","","","",""
"177","LC1_2015__Hou","LC1_2015__Hou 1 Block 31","Cropland",1,"No","","","","",""
"178","LC1_2015__Hou","LC1_2015__Hou 1 Block 32","Cropland",1,"No","","","","",""
"179","LC1_2015__Hou","LC1_2015__Hou 1 Block 33","Cropland",1,"No","","","","",""
"180","LC1_2015__Hou","LC1_2015__Hou 1 Block 34","Cropland",1,"No","","","","",""
"181","LC1_2015__Hou","LC1_2015__Hou 1 Block 35","Cropland",1,"No","","","","",""
"182","LC1_2015__Hou","LC1_2015__Hou 1 Block 4","Cropland",1,"No","","","","",""
"183","LC1_2015__Hou","LC1_2015__Hou 1 Block 5","Cropland",1,"No","","","","",""
"184","LC1_2015__Hou","LC1_2015__Hou 1 Block 6","Cropland",1,"No","","","","",""
"185","LC1_2015__Hou","LC1_2015__Hou 1 Block 7","Cropland",1,"No","","","","",""
"186","LC1_2015__Hou","LC1_2015__Hou 1 Block 8","Cropland",1,"No","","","","",""
"187","LC1_2015__Hou","LC1_2015__Hou 1 Block 9","Cropland",1,"No","","","","",""
"188","LC1_2015__Yang","LC1_2015__Yang 1 ","Plantation forest",1,"No","","","","",""
"189","LC1_2015__Yang","LC1_2015__Yang 1 ","Cropland",1,"No","","","","",""
"190","LC1_2017__Zhang","LC1_2017__Zhang 1 ","Plantation forest",2,"No","","","","",""
"191","LC1_2018__Guo","LC1_2018__Guo 1 ","Plantation forest",1,"No","","","","",""
"192","LC1_2018__Guo","LC1_2018__Guo 1 ","Cropland",1,"No","","","","",""
"193","LC1_2018__Zhao","LC1_2018__Zhao 1 ","Plantation forest",3,"No","","","","",""
"194","LC1_2020__Luo","LC1_2020__Luo 1 ","Cropland",1,"No","","","","",""
"195","LC1_2020__Ma","LC1_2020__Ma 1 ","Plantation forest",1,"No","","","","",""
"196","LC1_2020__Nie","LC1_2020__Nie 1 ","Plantation forest",1,"No","","","","",""
"197","LC1_2020__Zhang","LC1_2020__Zhang 1 ","Plantation forest",2,"No","","","","",""
"198","LH2_2013__Ferreira","LH2_2013__Ferreira 1 ","Plantation forest",2,"Yes","","","","",""
"199","LH2_2014__Leong","LH2_2014__Leong 1 ","Cropland",4,"Yes","","","","",""
"200","LH2_2015__BravoMonroy","LH2_2015__BravoMonroy 1 ","Plantation forest",1,"No","","","","",""
"201","LH2_2015__Forrest","LH2_2015__Forrest 1 ","Cropland",5,"Yes","","","","",""
"202","LH2_2015__KremenMgonigle","LH2_2015__KremenMgonigle 1 ","Cropland",10,"No","","","","",""
"203","MG1_2004__Koivula","MG1_2004__Koivula 1 1","Cropland",1,"Yes","","","","",""
"204","MG1_2004__Koivula","MG1_2004__Koivula 1 2","Cropland",1,"Yes","","","","",""
"205","MG1_2004__Koivula","MG1_2004__Koivula 1 3","Cropland",1,"Yes","","","","",""
"206","MG1_2004__Koivula","MG1_2004__Koivula 1 7","Cropland",1,"Yes","","","","",""
"207","MG1_2004__Koivula","MG1_2004__Koivula 1 8","Cropland",1,"Yes","","","","",""
"208","MG1_2005__Vanbergen","MG1_2005__Vanbergen 1 ","Cropland",1,"Yes","","","","",""
"209","MG1_2006__Zaitsev","MG1_2006__Zaitsev 1 ","Cropland",15,"No","","","","",""
"210","MG1_2007__Chauvat","MG1_2007__Chauvat 1 ","Cropland",15,"No","","","","",""
"211","MG1_2008__Paritsis","MG1_2008__Paritsis 2 ","Plantation forest",4,"Yes","","","","",""
"212","MG1_2008__Paritsis","MG1_2008__Paritsis 3 ","Plantation forest",4,"Yes","","","","",""
"213","MH1_2010__Sheldon","MH1_2010__Sheldon 1 ","Plantation forest",27,"Yes","","","","",""
"214","MH1_2011__Phalan","MH1_2011__Phalan 1 ","Plantation forest",8,"Yes","","","","",""
"215","MH1_2011__Phalan","MH1_2011__Phalan 2 ","Plantation forest",8,"Yes","","","","",""
"216","MJ1_2008__Munyekenye","MJ1_2008__Munyekenye 1 25","Plantation forest",3,"No","","","","",""
"217","MJ1_2008__Munyekenye","MJ1_2008__Munyekenye 1 26","Plantation forest",4,"No","","","","",""
"218","MJ1_2008__Munyekenye","MJ1_2008__Munyekenye 1 27","Plantation forest",4,"No","","","","",""
"219","MJ1_2008__Munyekenye","MJ1_2008__Munyekenye 1 28","Plantation forest",4,"No","","","","",""
"220","MJ1_2008__Munyekenye","MJ1_2008__Munyekenye 1 29","Plantation forest",4,"No","","","","",""
"221","MJ1_2008__Munyekenye","MJ1_2008__Munyekenye 1 30","Plantation forest",4,"No","","","","",""
"222","MJ1_2008__Munyekenye","MJ1_2008__Munyekenye 1 31","Plantation forest",4,"No","","","","",""
"223","MJ1_2008__Munyekenye","MJ1_2008__Munyekenye 1 32","Plantation forest",5,"No","","","","",""
"224","MJ1_2008__Munyekenye","MJ1_2008__Munyekenye 1 33","Plantation forest",4,"No","","","","",""
"225","MJ1_2008__Munyekenye","MJ1_2008__Munyekenye 1 34","Plantation forest",4,"No","","","","",""
"226","MJ1_2008__Munyekenye","MJ1_2008__Munyekenye 1 35","Plantation forest",4,"No","","","","",""
"227","MJ1_2008__Munyekenye","MJ1_2008__Munyekenye 1 36","Plantation forest",4,"No","","","","",""
"228","MJ1_2008__Munyekenye","MJ1_2008__Munyekenye 1 37","Plantation forest",4,"No","","","","",""
"229","MJ1_2008__Munyekenye","MJ1_2008__Munyekenye 1 38","Plantation forest",5,"No","","","","",""
"230","MJ1_2008__Munyekenye","MJ1_2008__Munyekenye 1 39","Plantation forest",4,"No","","","","",""
"231","MJ1_2008__Munyekenye","MJ1_2008__Munyekenye 1 40","Plantation forest",4,"No","","","","",""
"232","MJ1_2008__Munyekenye","MJ1_2008__Munyekenye 1 41","Plantation forest",4,"No","","","","",""
"233","MJ1_2008__Munyekenye","MJ1_2008__Munyekenye 1 42","Plantation forest",4,"No","","","","",""
"234","MJ1_2008__Munyekenye","MJ1_2008__Munyekenye 1 43","Plantation forest",4,"No","","","","",""
"235","MJ1_2008__Munyekenye","MJ1_2008__Munyekenye 1 44","Plantation forest",4,"No","","","","",""
"236","MJ1_2008__Munyekenye","MJ1_2008__Munyekenye 1 45","Plantation forest",3,"No","","","","",""
"237","MJ1_2008__Munyekenye","MJ1_2008__Munyekenye 1 46","Plantation forest",4,"No","","","","",""
"238","MJ1_2008__Munyekenye","MJ1_2008__Munyekenye 1 47","Plantation forest",4,"No","","","","",""
"239","MJ1_2008__Munyekenye","MJ1_2008__Munyekenye 1 48","Plantation forest",4,"No","","","","",""
"240","MJ1_2008__Munyekenye","MJ1_2008__Munyekenye 1 49","Plantation forest",4,"No","","","","",""
"241","MJ1_2008__Munyekenye","MJ1_2008__Munyekenye 1 50","Plantation forest",4,"No","","","","",""
"242","MJ1_2008__Munyekenye","MJ1_2008__Munyekenye 1 51","Plantation forest",4,"No","","","","",""
"243","MJ1_2008__Munyekenye","MJ1_2008__Munyekenye 1 52","Plantation forest",4,"No","","","","",""
"244","MJ1_2008__Munyekenye","MJ1_2008__Munyekenye 1 53","Plantation forest",4,"No","","","","",""
"245","MJ1_2008__Munyekenye","MJ1_2008__Munyekenye 1 54","Plantation forest",4,"No","","","","",""
"246","MJ1_2008__Munyekenye","MJ1_2008__Munyekenye 1 55","Plantation forest",4,"No","","","","",""
"247","MJ1_2008__Munyekenye","MJ1_2008__Munyekenye 1 56","Plantation forest",4,"No","","","","",""
"248","MJ1_2008__Munyekenye","MJ1_2008__Munyekenye 1 57","Plantation forest",4,"No","","","","",""
"249","MJ1_2008__Munyekenye","MJ1_2008__Munyekenye 1 58","Plantation forest",4,"No","","","","",""
"250","MJ1_2008__Munyekenye","MJ1_2008__Munyekenye 1 59","Plantation forest",4,"No","","","","",""
"251","MJ1_2008__Munyekenye","MJ1_2008__Munyekenye 1 60","Plantation forest",4,"No","","","","",""
"252","MJ1_2008__Munyekenye","MJ1_2008__Munyekenye 1 61","Plantation forest",4,"No","","","","",""
"253","MJ1_2008__Munyekenye","MJ1_2008__Munyekenye 1 62","Plantation forest",4,"No","","","","",""
"254","MJ1_2008__Munyekenye","MJ1_2008__Munyekenye 1 63","Plantation forest",4,"No","","","","",""
"255","MJ1_2008__Munyekenye","MJ1_2008__Munyekenye 1 64","Plantation forest",4,"No","","","","",""
"256","MJ1_2008__Munyekenye","MJ1_2008__Munyekenye 1 65","Plantation forest",4,"No","","","","",""
"257","MJ1_2008__Munyekenye","MJ1_2008__Munyekenye 1 66","Plantation forest",4,"No","","","","",""
"258","MJ1_2008__Munyekenye","MJ1_2008__Munyekenye 1 67","Plantation forest",4,"No","","","","",""
"259","MJ1_2008__Munyekenye","MJ1_2008__Munyekenye 1 68","Plantation forest",4,"No","","","","",""
"260","MJ1_2009__Axmacher","MJ1_2009__Axmacher 1 ","Plantation forest",6,"Yes","","","","",""
"261","MJ1_2009__Axmacher","MJ1_2009__Axmacher 1 ","Cropland",6,"Yes","","","","",""
"262","MJ1_2011__Granjon","MJ1_2011__Granjon 1 Bafing","Cropland",8,"Yes","","","","",""
"263","MJ1_2011__Granjon","MJ1_2011__Granjon 1 Baoulé","Cropland",4,"Yes","","","","",""
"264","MJ1_2011__Granjon","MJ1_2011__Granjon 1 Mts. Mandingues","Cropland",1,"Yes","","","","",""
"265","MJ1_2011__Granjon","MJ1_2011__Granjon 1 Sikasso","Cropland",9,"Yes","","","","",""
"266","MJ1_2012__Malonza","MJ1_2012__Malonza 1 ","Plantation forest",5,"Yes","","","","",""
"267","MJ1_2013__Adum","MJ1_2013__Adum 1 1","Plantation forest",12,"Yes","","","","",""
"268","MJ1_2013__Adum","MJ1_2013__Adum 1 2","Plantation forest",12,"Yes","","","","",""
"269","MJ1_2013__Adum","MJ1_2013__Adum 1 3","Plantation forest",12,"Yes","","","","",""
"270","MJ1_2013__Ndanganga","MJ1_2013__Ndanganga 1 JBT02","Cropland",2,"No","","","","",""
"271","MJ1_2013__Ndanganga","MJ1_2013__Ndanganga 1 JBT03","Cropland",4,"No","","","","",""
"272","MJ1_2013__Ndanganga","MJ1_2013__Ndanganga 1 JBT04","Cropland",3,"No","","","","",""
"273","MJ1_2013__Ndanganga","MJ1_2013__Ndanganga 1 JBT05","Cropland",2,"No","","","","",""
"274","MJ1_2013__Ndanganga","MJ1_2013__Ndanganga 1 JBT06","Cropland",2,"No","","","","",""
"275","MJ1_2013__Ndanganga","MJ1_2013__Ndanganga 1 JBT07","Cropland",3,"No","","","","",""
"276","MJ1_2013__Ndanganga","MJ1_2013__Ndanganga 1 JBT08","Cropland",2,"No","","","","",""
"277","MJ1_2013__Ndanganga","MJ1_2013__Ndanganga 1 JBT09","Cropland",1,"No","","","","",""
"278","MJ1_2013__Ndanganga","MJ1_2013__Ndanganga 1 JBT10","Cropland",1,"No","","","","",""
"279","MJ1_2013__Ndanganga","MJ1_2013__Ndanganga 1 JBT11","Cropland",2,"No","","","","",""
"280","MJ1_2013__Ndanganga","MJ1_2013__Ndanganga 1 LST01","Cropland",3,"No","","","","",""
"281","MJ1_2013__Ndanganga","MJ1_2013__Ndanganga 1 LST02","Cropland",3,"No","","","","",""
"282","MJ1_2013__Ndanganga","MJ1_2013__Ndanganga 1 LST03","Cropland",1,"No","","","","",""
"283","MJ1_2013__Ndanganga","MJ1_2013__Ndanganga 1 LST05","Cropland",2,"No","","","","",""
"284","MJ1_2013__Ndanganga","MJ1_2013__Ndanganga 1 LST06","Cropland",3,"No","","","","",""
"285","MJ1_2013__Ndanganga","MJ1_2013__Ndanganga 1 LST07","Cropland",3,"No","","","","",""
"286","MJ1_2013__Ndanganga","MJ1_2013__Ndanganga 1 LST08","Cropland",1,"No","","","","",""
"287","MJ1_2013__Ndanganga","MJ1_2013__Ndanganga 1 LST11","Cropland",1,"No","","","","",""
"288","MJ1_2013__Ndanganga","MJ1_2013__Ndanganga 1 LST13","Cropland",1,"No","","","","",""
"289","MJ1_2013__Ndanganga","MJ1_2013__Ndanganga 1 LST14","Cropland",1,"No","","","","",""
"290","MJ1_2013__Ndanganga","MJ1_2013__Ndanganga 1 LST15","Cropland",1,"No","","","","",""
"291","MJ1_2013__Ndanganga","MJ1_2013__Ndanganga 1 LST16","Cropland",4,"No","","","","",""
"292","MJ1_2013__Ndanganga","MJ1_2013__Ndanganga 1 LST17","Cropland",2,"No","","","","",""
"293","MJ1_2013__Ndanganga","MJ1_2013__Ndanganga 1 LST18","Cropland",3,"No","","","","",""
"294","MJ1_2013__Ndanganga","MJ1_2013__Ndanganga 1 LST19","Cropland",2,"No","","","","",""
"295","MJ1_2013__Ndanganga","MJ1_2013__Ndanganga 1 LST22","Cropland",2,"No","","","","",""
"296","MJ1_2013__Ndanganga","MJ1_2013__Ndanganga 1 LST23","Cropland",1,"No","","","","",""
"297","MJ1_2013__Ndanganga","MJ1_2013__Ndanganga 1 MUT01","Cropland",3,"No","","","","",""
"298","MJ1_2013__Ndanganga","MJ1_2013__Ndanganga 1 MUT02","Cropland",1,"No","","","","",""
"299","MJ1_2013__Ndanganga","MJ1_2013__Ndanganga 1 MUT03","Cropland",3,"No","","","","",""
"300","MJ1_2013__Ndanganga","MJ1_2013__Ndanganga 1 MUT04","Cropland",2,"No","","","","",""
"301","MJ1_2013__Ndanganga","MJ1_2013__Ndanganga 1 MUT05","Cropland",2,"No","","","","",""
"302","MJ1_2013__Ndanganga","MJ1_2013__Ndanganga 1 MUT06","Cropland",4,"No","","","","",""
"303","MJ1_2013__Ndanganga","MJ1_2013__Ndanganga 1 MUT07","Cropland",3,"No","","","","",""
"304","MJ1_2013__Ndanganga","MJ1_2013__Ndanganga 1 MUT08","Cropland",2,"No","","","","",""
"305","MJ1_2013__Ndanganga","MJ1_2013__Ndanganga 1 MUT09","Cropland",2,"No","","","","",""
"306","MJ1_2013__Ndanganga","MJ1_2013__Ndanganga 1 MUT10","Cropland",3,"No","","","","",""
"307","MJ1_2013__Ndanganga","MJ1_2013__Ndanganga 1 MUT11","Cropland",4,"No","","","","",""
"308","MJ1_2013__Ndanganga","MJ1_2013__Ndanganga 1 NdT01","Cropland",1,"No","","","","",""
"309","MJ1_2013__Ndanganga","MJ1_2013__Ndanganga 1 NdT02","Cropland",2,"No","","","","",""
"310","MJ1_2013__Ndanganga","MJ1_2013__Ndanganga 1 NdT04","Cropland",2,"No","","","","",""
"311","MJ1_2013__Ndanganga","MJ1_2013__Ndanganga 1 NdT05","Cropland",2,"No","","","","",""
"312","MJ1_2013__Ndanganga","MJ1_2013__Ndanganga 1 NdT06","Cropland",2,"No","","","","",""
"313","MJ1_2013__Ndanganga","MJ1_2013__Ndanganga 1 NdT07","Cropland",1,"No","","","","",""
"314","MJ1_2013__Ndanganga","MJ1_2013__Ndanganga 1 NdT08","Cropland",4,"No","","","","",""
"315","MJ1_2013__Ndanganga","MJ1_2013__Ndanganga 1 NdT09","Cropland",1,"No","","","","",""
"316","MJ1_2013__Ndanganga","MJ1_2013__Ndanganga 1 NdT11","Cropland",2,"No","","","","",""
"317","MJ1_2013__Ndanganga","MJ1_2013__Ndanganga 1 NdT12","Cropland",1,"No","","","","",""
"318","MJ1_2013__Ndanganga","MJ1_2013__Ndanganga 1 OJT01","Cropland",1,"No","","","","",""
"319","MJ1_2013__Ndanganga","MJ1_2013__Ndanganga 1 OJT02","Cropland",1,"No","","","","",""
"320","MJ1_2013__Ndanganga","MJ1_2013__Ndanganga 1 OJT05","Cropland",2,"No","","","","",""
"321","MJ1_2013__Ndanganga","MJ1_2013__Ndanganga 1 OJT06","Cropland",1,"No","","","","",""
"322","MJ1_2013__Ndanganga","MJ1_2013__Ndanganga 1 OJT07","Cropland",1,"No","","","","",""
"323","MJ1_2013__Ndanganga","MJ1_2013__Ndanganga 1 OJT08","Cropland",1,"No","","","","",""
"324","MJ1_2013__Ndanganga","MJ1_2013__Ndanganga 1 OJT09","Cropland",1,"No","","","","",""
"325","MJ1_2013__Ndanganga","MJ1_2013__Ndanganga 2 JBT02","Cropland",2,"No","","","","",""
"326","MJ1_2013__Ndanganga","MJ1_2013__Ndanganga 2 JBT03","Cropland",4,"No","","","","",""
"327","MJ1_2013__Ndanganga","MJ1_2013__Ndanganga 2 JBT04","Cropland",3,"No","","","","",""
"328","MJ1_2013__Ndanganga","MJ1_2013__Ndanganga 2 JBT05","Cropland",3,"No","","","","",""
"329","MJ1_2013__Ndanganga","MJ1_2013__Ndanganga 2 JBT06","Cropland",1,"No","","","","",""
"330","MJ1_2013__Ndanganga","MJ1_2013__Ndanganga 2 JBT07","Cropland",4,"No","","","","",""
"331","MJ1_2013__Ndanganga","MJ1_2013__Ndanganga 2 JBT08","Cropland",1,"No","","","","",""
"332","MJ1_2013__Ndanganga","MJ1_2013__Ndanganga 2 JBT10","Cropland",1,"No","","","","",""
"333","MJ1_2013__Ndanganga","MJ1_2013__Ndanganga 2 JBT11","Cropland",1,"No","","","","",""
"334","MJ1_2013__Ndanganga","MJ1_2013__Ndanganga 2 LST01","Cropland",3,"No","","","","",""
"335","MJ1_2013__Ndanganga","MJ1_2013__Ndanganga 2 LST02","Cropland",2,"No","","","","",""
"336","MJ1_2013__Ndanganga","MJ1_2013__Ndanganga 2 LST03","Cropland",1,"No","","","","",""
"337","MJ1_2013__Ndanganga","MJ1_2013__Ndanganga 2 LST05","Cropland",2,"No","","","","",""
"338","MJ1_2013__Ndanganga","MJ1_2013__Ndanganga 2 LST06","Cropland",3,"No","","","","",""
"339","MJ1_2013__Ndanganga","MJ1_2013__Ndanganga 2 LST07","Cropland",3,"No","","","","",""
"340","MJ1_2013__Ndanganga","MJ1_2013__Ndanganga 2 LST08","Cropland",1,"No","","","","",""
"341","MJ1_2013__Ndanganga","MJ1_2013__Ndanganga 2 LST11","Cropland",1,"No","","","","",""
"342","MJ1_2013__Ndanganga","MJ1_2013__Ndanganga 2 LST13","Cropland",1,"No","","","","",""
"343","MJ1_2013__Ndanganga","MJ1_2013__Ndanganga 2 LST14","Cropland",1,"No","","","","",""
"344","MJ1_2013__Ndanganga","MJ1_2013__Ndanganga 2 LST15","Cropland",1,"No","","","","",""
"345","MJ1_2013__Ndanganga","MJ1_2013__Ndanganga 2 LST16","Cropland",4,"No","","","","",""
"346","MJ1_2013__Ndanganga","MJ1_2013__Ndanganga 2 LST17","Cropland",2,"No","","","","",""
"347","MJ1_2013__Ndanganga","MJ1_2013__Ndanganga 2 LST18","Cropland",2,"No","","","","",""
"348","MJ1_2013__Ndanganga","MJ1_2013__Ndanganga 2 LST19","Cropland",2,"No","","","","",""
"349","MJ1_2013__Ndanganga","MJ1_2013__Ndanganga 2 LST22","Cropland",2,"No","","","","",""
"350","MJ1_2013__Ndanganga","MJ1_2013__Ndanganga 2 LST23","Cropland",1,"No","","","","",""
"351","MJ1_2013__Ndanganga","MJ1_2013__Ndanganga 2 MUT01","Cropland",3,"No","","","","",""
"352","MJ1_2013__Ndanganga","MJ1_2013__Ndanganga 2 MUT02","Cropland",2,"No","","","","",""
"353","MJ1_2013__Ndanganga","MJ1_2013__Ndanganga 2 MUT03","Cropland",3,"No","","","","",""
"354","MJ1_2013__Ndanganga","MJ1_2013__Ndanganga 2 MUT04","Cropland",2,"No","","","","",""
"355","MJ1_2013__Ndanganga","MJ1_2013__Ndanganga 2 MUT05","Cropland",2,"No","","","","",""
"356","MJ1_2013__Ndanganga","MJ1_2013__Ndanganga 2 MUT06","Cropland",4,"No","","","","",""
"357","MJ1_2013__Ndanganga","MJ1_2013__Ndanganga 2 MUT07","Cropland",3,"No","","","","",""
"358","MJ1_2013__Ndanganga","MJ1_2013__Ndanganga 2 MUT08","Cropland",2,"No","","","","",""
"359","MJ1_2013__Ndanganga","MJ1_2013__Ndanganga 2 MUT09","Cropland",2,"No","","","","",""
"360","MJ1_2013__Ndanganga","MJ1_2013__Ndanganga 2 MUT10","Cropland",3,"No","","","","",""
"361","MJ1_2013__Ndanganga","MJ1_2013__Ndanganga 2 MUT11","Cropland",4,"No","","","","",""
"362","MJ1_2013__Ndanganga","MJ1_2013__Ndanganga 2 NdT01","Cropland",1,"No","","","","",""
"363","MJ1_2013__Ndanganga","MJ1_2013__Ndanganga 2 NdT02","Cropland",2,"No","","","","",""
"364","MJ1_2013__Ndanganga","MJ1_2013__Ndanganga 2 NdT04","Cropland",2,"No","","","","",""
"365","MJ1_2013__Ndanganga","MJ1_2013__Ndanganga 2 NdT05","Cropland",2,"No","","","","",""
"366","MJ1_2013__Ndanganga","MJ1_2013__Ndanganga 2 NdT06","Cropland",2,"No","","","","",""
"367","MJ1_2013__Ndanganga","MJ1_2013__Ndanganga 2 NdT07","Cropland",1,"No","","","","",""
"368","MJ1_2013__Ndanganga","MJ1_2013__Ndanganga 2 NdT08","Cropland",4,"No","","","","",""
"369","MJ1_2013__Ndanganga","MJ1_2013__Ndanganga 2 NdT09","Cropland",1,"No","","","","",""
"370","MJ1_2013__Ndanganga","MJ1_2013__Ndanganga 2 NdT11","Cropland",2,"No","","","","",""
"371","MJ1_2013__Ndanganga","MJ1_2013__Ndanganga 2 NdT12","Cropland",1,"No","","","","",""
"372","MJ1_2013__Ndanganga","MJ1_2013__Ndanganga 2 OJT01","Cropland",1,"No","","","","",""
"373","MJ1_2013__Ndanganga","MJ1_2013__Ndanganga 2 OJT02","Cropland",1,"No","","","","",""
"374","MJ1_2013__Ndanganga","MJ1_2013__Ndanganga 2 OJT05","Cropland",4,"No","","","","",""
"375","MJ1_2013__Ndanganga","MJ1_2013__Ndanganga 2 OJT06","Cropland",1,"No","","","","",""
"376","MJ1_2013__Ndanganga","MJ1_2013__Ndanganga 2 OJT07","Cropland",1,"No","","","","",""
"377","MJ1_2013__Ndanganga","MJ1_2013__Ndanganga 2 OJT08","Cropland",1,"No","","","","",""
"378","MJ1_2013__Ndanganga","MJ1_2013__Ndanganga 2 OJT09","Cropland",1,"No","","","","",""
"379","MJ1_2016__Jung","MJ1_2016__Jung 1 ","Plantation forest",6,"Yes","","","","",""
"380","MJ1_2016__Jung","MJ1_2016__Jung 1 ","Cropland",12,"Yes","","","","",""
"381","MJ1_2016__Jung","MJ1_2016__Jung 2 ","Plantation forest",2,"Yes","","","","",""
"382","MJ1_2016__Jung","MJ1_2016__Jung 2 ","Cropland",2,"Yes","","","","",""
"383","SC1_2005__Marsh","SC1_2005__Marsh 1 Bahani","Plantation forest",2,"Yes","","","","",""
"384","SC1_2005__Marsh","SC1_2005__Marsh 1 Djoumouachongo","Plantation forest",3,"Yes","","","","",""
"385","SC1_2005__Marsh","SC1_2005__Marsh 1 Kourani","Plantation forest",1,"Yes","","","","",""
"386","SC1_2005__Marsh","SC1_2005__Marsh 1 La Grille","Plantation forest",2,"Yes","","","","",""
"387","SC1_2005__Marsh","SC1_2005__Marsh 1 Mvouni","Plantation forest",3,"Yes","","","","",""
"388","SC1_2008__Eigenbrod","SC1_2008__Eigenbrod 1 ","Cropland",17,"No","","","","",""
"389","SC1_2010__Giordani","SC1_2010__Giordani 1 ","Cropland",8,"No","","","","",""
"390","SC1_2010__Giordani","SC1_2010__Giordani 2 ","Cropland",9,"No","","","","",""
"391","SC1_2010__Marsh","SC1_2010__Marsh 1 ","Plantation forest",15,"Yes","","","","",""
"392","SC1_2010__Marsh","SC1_2010__Marsh 2 ","Plantation forest",15,"Yes","","","","",""
"393","SC1_2011__Rubio","SC1_2011__Rubio 1 ICC1_1","Plantation forest",2,"Yes","","","","",""
"394","SC1_2011__Rubio","SC1_2011__Rubio 1 ICCI_2","Plantation forest",2,"Yes","","","","",""
"395","SC1_2012__Barrico","SC1_2012__Barrico 2 ","Plantation forest",12,"No","","","","",""
"396","SC1_2012__Barrico","SC1_2012__Barrico 3 ","Plantation forest",12,"No","","","","",""
"397","SC1_2012__Schuepp","SC1_2012__Schuepp 1 ","Cropland",8,"No","","","","",""
"398","SC1_2013__Jalilova","SC1_2013__Jalilova 1 ","Cropland",1,"Yes","","","","",""
"399","SC2_2012__Giordani","SC2_2012__Giordani 1 ","Cropland",14,"No","","","","",""
"400","SC2_2012__Kati","SC2_2012__Kati 1 ","Cropland",5,"Yes","","","","",""
"401","SC2_2012__Kati","SC2_2012__Kati 2 ","Cropland",5,"Yes","","","","",""
"402","SC2_2012__Kati","SC2_2012__Kati 3 ","Cropland",5,"Yes","","","","",""
"403","SE1_2004__Gutierrez","SE1_2004__Gutierrez 1 ","Plantation forest",1,"Yes","","","","",""
"404","SE1_2004__Gutierrez","SE1_2004__Gutierrez 2 ","Plantation forest",1,"Yes","","","","",""
"405","SE1_2012__Rey","SE1_2012__Rey 1 OF","Plantation forest",2,"Yes","","","","",""
"406","SE2_2013__Frizzo","SE2_2013__Frizzo 1 ","Cropland",4,"Yes","","","","",""
"407","SE2_2013__Frizzo","SE2_2013__Frizzo 2 ","Cropland",4,"Yes","","","","",""
"408","SE2_2013__Frizzo","SE2_2013__Frizzo 3 ","Cropland",4,"Yes","","","","",""
"409","SE2_2013__Garcia","SE2_2013__Garcia 1 ","Plantation forest",2,"Yes","","","","",""
"410","SH1_2002__Sheil","SH1_2002__Sheil 1 ","Plantation forest",1,"Yes","","","","",""
"411","SH1_2002__Sheil","SH1_2002__Sheil 1 ","Cropland",2,"Yes","","","","",""
"412","SH1_2002__Sheil","SH1_2002__Sheil 2 ","Plantation forest",1,"Yes","","","","",""
"413","SH1_2002__Sheil","SH1_2002__Sheil 2 ","Cropland",2,"Yes","","","","",""
"414","SH1_2012__Norfolk","SH1_2012__Norfolk 1 1","Cropland",1,"Yes","","","","",""
"415","SH1_2012__Norfolk","SH1_2012__Norfolk 1 10","Cropland",1,"Yes","","","","",""
"416","SH1_2012__Norfolk","SH1_2012__Norfolk 1 11","Cropland",1,"Yes","","","","",""
"417","SH1_2012__Norfolk","SH1_2012__Norfolk 1 12","Cropland",1,"Yes","","","","",""
"418","SH1_2012__Norfolk","SH1_2012__Norfolk 1 13","Cropland",1,"Yes","","","","",""
"419","SH1_2012__Norfolk","SH1_2012__Norfolk 1 14","Cropland",1,"Yes","","","","",""
"420","SH1_2012__Norfolk","SH1_2012__Norfolk 1 15","Cropland",1,"Yes","","","","",""
"421","SH1_2012__Norfolk","SH1_2012__Norfolk 1 2","Cropland",1,"Yes","","","","",""
"422","SH1_2012__Norfolk","SH1_2012__Norfolk 1 3","Cropland",1,"Yes","","","","",""
"423","SH1_2012__Norfolk","SH1_2012__Norfolk 1 4","Cropland",1,"Yes","","","","",""
"424","SH1_2012__Norfolk","SH1_2012__Norfolk 1 5","Cropland",1,"Yes","","","","",""
"425","SH1_2012__Norfolk","SH1_2012__Norfolk 1 6","Cropland",1,"Yes","","","","",""
"426","SH1_2012__Norfolk","SH1_2012__Norfolk 1 7","Cropland",1,"Yes","","","","",""
"427","SH1_2012__Norfolk","SH1_2012__Norfolk 1 8","Cropland",1,"Yes","","","","",""
"428","SH1_2012__Norfolk","SH1_2012__Norfolk 1 9","Cropland",1,"Yes","","","","",""
"429","SH1_2013__CIFORcameroon","SH1_2013__CIFORcameroon 1 ","Cropland",8,"Yes","","","","",""
"430","SH1_2013__CIFORcameroon","SH1_2013__CIFORcameroon 2 ","Cropland",8,"Yes","","","","",""
"431","SH1_2013__CIFORphilippines","SH1_2013__CIFORphilippines 1 ","Cropland",3,"Yes","","","","",""
"432","SH1_2013__CIFORphilippines","SH1_2013__CIFORphilippines 2 ","Cropland",3,"Yes","","","","",""
"433","SH1_2013__Norfolk","SH1_2013__Norfolk 1 Feiran","Plantation forest",3,"Yes","","","","",""
"434","SH1_2013__Norfolk","SH1_2013__Norfolk 1 Gebel","Plantation forest",3,"Yes","","","","",""
"435","SH1_2013__Norfolk","SH1_2013__Norfolk 1 Itlah","Plantation forest",7,"Yes","","","","",""
"436","SH1_2013__Norfolk","SH1_2013__Norfolk 1 Sheik a Wad","Plantation forest",2,"Yes","","","","",""
"437","SH1_2013__Norfolk","SH1_2013__Norfolk 1 StKaths","Plantation forest",1,"Yes","","","","",""
"438","SS1_2011__Lange","SS1_2011__Lange 1 Großbartloff","Plantation forest",1,"Yes","","","","",""
"439","SS1_2011__Lange","SS1_2011__Lange 1 Hörselberg-Hainich","Plantation forest",1,"Yes","","","","",""
"440","SS1_2011__Lange","SS1_2011__Lange 1 Kleinbartloff","Plantation forest",2,"Yes","","","","",""
"441","SS1_2011__Lange","SS1_2011__Lange 1 Leinefelde-Worbis","Plantation forest",1,"Yes","","","","",""
"442","SS1_2011__Lange","SS1_2011__Lange 1 Mühlhausen/Thüringen","Plantation forest",2,"Yes","","","","",""
"443","SS1_2011__Lange","SS1_2011__Lange 1 Rodeberg","Plantation forest",2,"Yes","","","","",""
"444","SS1_2011__Lange","SS1_2011__Lange 1 Silberhausen","Plantation forest",1,"Yes","","","","",""
"445","SS1_2011__Lange","SS1_2011__Lange 1 Wachstedt","Plantation forest",2,"Yes","","","","",""
"446","SS1_2011__Mulder","SS1_2011__Mulder 1 B742","Cropland",1,"No","","","","",""
"447","SS1_2011__Mulder","SS1_2011__Mulder 2 B742","Cropland",1,"No","","","","",""
"448","SS1_2011__Mulder","SS1_2011__Mulder 3 B742","Cropland",1,"No","","","","",""
"449","SS1_2011__Mulder","SS1_2011__Mulder 4 B742","Cropland",1,"No","","","","",""
"450","SS1_2013__Blasi","SS1_2013__Blasi 1 CIM","Plantation forest",1,"No","","","","",""
"451","SS1_2013__Blasi","SS1_2013__Blasi 1 ORB","Plantation forest",1,"No","","","","",""
"452","SS1_2013__Blasi","SS1_2013__Blasi 1 TOL","Plantation forest",1,"No","","","","",""
"453","SS1_2013__Blasi","SS1_2013__Blasi 1 VET","Plantation forest",1,"No","","","","",""
"454","SS1_2015__Ponge","SS1_2015__Ponge 1 Pine","Plantation forest",1,"No","","","","",""
"455","TN1_2006__Soh","TN1_2006__Soh 1 Cameron","Plantation forest",1,"Yes","","","","",""
"456","TN1_2007__ODea","TN1_2007__ODea 1 MN","Cropland",23,"Yes","","","","",""
"457","TN1_2007__ODea","TN1_2007__ODea 1 MS","Cropland",30,"Yes","","","","",""
"458","VB1_2005__Eggleton","VB1_2005__Eggleton 1 ","Plantation forest",1,"Yes","","","","",""
"459","VB1_2005__Eggleton","VB1_2005__Eggleton 2 ","Plantation forest",1,"Yes","","","","",""
"460","VB1_2005__Eggleton","VB1_2005__Eggleton 3 ","Plantation forest",1,"Yes","","","","",""
"461","VB1_2005__Eggleton","VB1_2005__Eggleton 4 ","Plantation forest",2,"Yes","","","","",""
"462","VB1_2005__Eggleton","VB1_2005__Eggleton 5 ","Plantation forest",1,"Yes","","","","",""
"463","VB1_2006__Smith","VB1_2006__Smith 1 ","Plantation forest",1,"No","","","","",""
"464","VB1_2008__Murvanidze","VB1_2008__Murvanidze 1 ","Plantation forest",2,"No","","","","",""
"465","VB1_2011__Magrini","VB1_2011__Magrini 1 ","Plantation forest",1,"Yes","","","","",""
"466","VB1_2013a_Jones","VB1_2013a_Jones 1 ","Plantation forest",2,"No","","","","",""
"467","VB1_2013a_Jones","VB1_2013a_Jones 1 ","Cropland",2,"No","","","","",""
"468","VB1_2013__Burton","VB1_2013__Burton 1 ","Plantation forest",31,"Yes","","","","",""
"469","VB1_2013__Burton","VB1_2013__Burton 2 ","Plantation forest",25,"Yes","","","","",""
"470","VB1_2013__Burton","VB1_2013__Burton 3 ","Plantation forest",25,"Yes","","","","",""
"471","VB1_2015__ESB","VB1_2015__ESB 1 ","Plantation forest",2,"No","","","","",""
"472","VB1_2015__ESB","VB1_2015__ESB 1 ","Cropland",7,"No","","","","",""
"473","VB1_2016__Murvanidze","VB1_2016__Murvanidze 1 ","Plantation forest",1,"No","","","","",""
"474","VB1_2016__Murvanidze","VB1_2016__Murvanidze 3 ","Plantation forest",1,"No","","","","",""
"475","VK1_2008__Buddle","VK1_2008__Buddle 1 1","Plantation forest",4,"No","","","","",""
"476","VK1_2008__Buddle","VK1_2008__Buddle 1 2","Plantation forest",4,"No","","","","",""
"477","VK1_2008__Buddle","VK1_2008__Buddle 1 3","Plantation forest",4,"No","","","","",""
"478","VK1_2009__Noreika","VK1_2009__Noreika 2 ","Plantation forest",1,"Yes","","","","",""
"479","VK1_2013__ABMIboreal","VK1_2013__ABMIboreal 2 ","Cropland",2,"Yes","","","","",""
"480","VK1_2013__ABMIboreal","VK1_2013__ABMIboreal 3 ","Cropland",4,"Yes","","","","",""
"481","VK1_2013__ABMIboreal","VK1_2013__ABMIboreal 4 ","Cropland",3,"Yes","","","","",""
"482","VK1_2013__ABMIboreal","VK1_2013__ABMIboreal 5 ","Cropland",7,"Yes","","","","",""
"483","XH1_2015__Rachakonda","XH1_2015__Rachakonda 2 ES","Plantation forest",1,"Yes","","","","",""
"484","XH1_2015__Rachakonda","XH1_2015__Rachakonda 2 NR","Plantation forest",2,"Yes","","","","",""
"485","XH1_2016__Mandal","XH1_2016__Mandal 1 Salem Boarding","Plantation forest",3,"Yes","","","","",""
"486","XH1_2016__Mandal","XH1_2016__Mandal 1 Teirei","Plantation forest",9,"Yes","","","","",""
"487","XH1_2016__Song","XH1_2016__Song 1 Li Mountain","Cropland",2,"No","","","","",""
"488","XH1_2016__Song","XH1_2016__Song 1 Taikuan River","Cropland",1,"No","","","","",""
"489","XH1_2016__Song","XH1_2016__Song 1 Wulu Mountain","Cropland",2,"No","","","","",""
"490","XH1_2018__Kamp","XH1_2018__Kamp 1 ","Cropland",31,"Yes","","","","",""
"491","XH1_2019__Kitazawa","XH1_2019__Kitazawa 1 ","Cropland",1,"No","","","","",""
"492","YP1_2004__Gu","YP1_2004__Gu 1 1","Cropland",2,"No","","","","",""
"493","YP1_2004__Gu","YP1_2004__Gu 1 10","Cropland",2,"No","","","","",""
"494","YP1_2004__Gu","YP1_2004__Gu 1 2","Cropland",2,"No","","","","",""
"495","YP1_2004__Gu","YP1_2004__Gu 1 3","Cropland",2,"No","","","","",""
"496","YP1_2004__Gu","YP1_2004__Gu 1 4","Cropland",2,"No","","","","",""
"497","YP1_2004__Gu","YP1_2004__Gu 1 5","Cropland",2,"No","","","","",""
"498","YP1_2004__Gu","YP1_2004__Gu 1 6","Cropland",2,"No","","","","",""
"499","YP1_2004__Gu","YP1_2004__Gu 1 7","Cropland",2,"No","","","","",""
"500","YP1_2004__Gu","YP1_2004__Gu 1 8","Cropland",2,"No","","","","",""
"501","YP1_2004__Gu","YP1_2004__Gu 1 9","Cropland",2,"No","","","","",""
"502","YP1_2011__Wang","YP1_2011__Wang 1 ","Plantation forest",9,"No","","","","",""
"503","YP1_2012__Liu","YP1_2012__Liu 1 D-F1","Cropland",2,"No","","","","",""
"504","YP1_2012__Liu","YP1_2012__Liu 1 D-F2","Cropland",2,"No","","","","",""
"505","YP1_2012__Liu","YP1_2012__Liu 1 D-F3","Cropland",2,"No","","","","",""
"506","YP1_2012__Liu","YP1_2012__Liu 1 D-F4","Cropland",2,"No","","","","",""
"507","YP1_2012__Sung","YP1_2012__Sung 1 1","Plantation forest",1,"Yes","","","","",""
"508","YP1_2012__Sung","YP1_2012__Sung 1 2","Plantation forest",1,"Yes","","","","",""
"509","YP1_2012__Sung","YP1_2012__Sung 1 3","Plantation forest",1,"Yes","","","","",""
"510","YP1_2012__Sung","YP1_2012__Sung 1 4","Plantation forest",1,"Yes","","","","",""
